"Category","Name","Name AR","Name CKB","Description","Price","Bottle","Available","Tags"
"Cocktails","Mai Tai","","","","15000","","yes",""
"Cocktails","Blue Hawaii","","","","15000","","yes",""
"Cocktails","Bramble","","","","15000","","yes",""
"Cocktails","Paloma","","","","15000","","yes",""
"Cocktails","Manhattan","","","","20000","","yes",""
"Salads","Caesar Salad","سيزار سالاد","زەڵاتەی سیزەر","","10000","","yes",""
"Salads","Oriental Salad","اورينتال سالاد","زەڵاتەی ڕۆژهەڵاتی","","10000","","yes",""
"Salads","Greek Salad","كريك سالاد","زەڵاتەی یۆنانی","","10000","","yes",""
"Salads","Jajik","جاجيك","جاجیک","","10000","","yes",""
"Steaks","Beef Steak","ستيك لحم","ستێکی گۆشت","","40000","","yes",""
"Steaks","Chicken Steak","ستيك جاج","ستێکی مریشک","","40000","","yes",""
